Municipalidad,PIA,PIM,Certificacion,Compromiso_Anual,Atencion_Compromiso,Devengado,Girado,Avance,año,pct_ejecucion,distrito_limpio,brecha_inversion
MUNICIPALIDAD METROPOLITANA DE LIMA,1565201206,3206134713,2910718801,2845250999,2831626636,2633767350,2633666383,82.1,2025,82.1,LIMA,572367363
MUNICIPALIDAD METROPOLITANA DE LIMA,1565201206,2814948717,2530432886,2438137582,2398047839,2298876016,2284608229,81.7,2024,81.7,LIMA,516072701
MUNICIPALIDAD METROPOLITANA DE LIMA,2221018233,2728260767,1878567186,1142866040,1037164044,950765556,919877330,34.8,2026,34.8,LIMA,1777495211
MUNICIPALIDAD METROPOLITANA DE LIMA,1252880218,1443207124,1357491896,1249393598,1240070858,1182961106,1181063441,82.0,2023,82.0,LIMA,260246018
MUNICIPALIDAD DISTRITAL DE SAN JUAN DE LURIGANCHO,318597339,446618478,399559140,397787547,396580613,393801322,393800701,88.2,2024,88.2,SAN JUAN DE LURIGANCHO,52817156
MUNICIPALIDAD DISTRITAL DE SAN JUAN DE LURIGANCHO,362837930,440102016,368841385,269067612,230112345,149430802,146930604,34.0,2026,34.0,SAN JUAN DE LURIGANCHO,290671214
MUNICIPALIDAD DISTRITAL DE SANTIAGO DE SURCO,292078778,428857206,383549108,378455300,377301369,376057479,376057479,87.7,2023,87.7,SANTIAGO DE SURCO,52799727
MUNICIPALIDAD DISTRITAL DE SANTIAGO DE SURCO,349564446,418991999,399594198,397937331,396396607,388814949,388798331,92.8,2025,92.8,SANTIAGO DE SURCO,30177050
MUNICIPALIDAD DISTRITAL DE SAN JUAN DE LURIGANCHO,320465242,417491363,410496665,409001726,408886024,406494073,406138980,97.4,2025,97.4,SAN JUAN DE LURIGANCHO,10997290
MUNICIPALIDAD DISTRITAL DE SANTIAGO DE SURCO,372633642,402792452,368882590,360952970,271621186,211522601,210186086,52.5,2026,52.5,SANTIAGO DE SURCO,191269851
MUNICIPALIDAD DISTRITAL DE MIRAFLORES,274718541,387456981,378061190,362617233,362575233,362575233,362478042,93.6,2025,93.6,MIRAFLORES,24881748
MUNICIPALIDAD DISTRITAL DE SANTIAGO DE SURCO,355299862,385274972,376730831,376233760,374035060,370191081,370159280,96.1,2024,96.1,SANTIAGO DE SURCO,15083891
MUNICIPALIDAD DISTRITAL DE MIRAFLORES,274718541,370719549,352884877,336808806,336792874,336707376,336073205,90.8,2024,90.8,MIRAFLORES,34012173
MUNICIPALIDAD DISTRITAL DE SAN JUAN DE LURIGANCHO,227961966,366439754,298486238,290415508,285728909,275895354,275894041,75.3,2023,75.3,SAN JUAN DE LURIGANCHO,90544400
MUNICIPALIDAD DISTRITAL DE SAN ISIDRO,291531619,362849464,299424564,294941670,294938126,294774370,294773870,81.2,2025,81.2,SAN ISIDRO,68075094
MUNICIPALIDAD DISTRITAL DE ATE - VITARTE,280748811,345283604,304303834,261280976,203084814,138661466,136230187,40.2,2026,40.2,ATE,206622138
MUNICIPALIDAD DISTRITAL DE SAN ISIDRO,288864277,339603985,268334330,247509381,247400175,247227288,247225816,72.8,2024,72.8,SAN ISIDRO,92376697
MUNICIPALIDAD DISTRITAL DE MIRAFLORES,286901451,322956990,249977238,188815005,182896948,141884452,136335052,43.9,2026,43.9,MIRAFLORES,181072538
MUNICIPALIDAD DISTRITAL DE SAN ISIDRO,301152912,321423888,257777742,245146956,186315591,127896667,124510334,39.8,2026,39.8,SAN ISIDRO,193527221
MUNICIPALIDAD DISTRITAL DE ATE - VITARTE,309813604,320409970,305770389,275703854,275489990,275427772,275420143,86.0,2024,86.0,ATE,44982198
MUNICIPALIDAD DISTRITAL DE MIRAFLORES,238936449,305639797,242536459,190911710,190911710,190680190,190632376,62.4,2023,62.4,MIRAFLORES,114959607
MUNICIPALIDAD DISTRITAL DE ATE - VITARTE,248144883,302398813,283693743,264314726,262731647,261887312,261833027,86.6,2025,86.6,ATE,40511501
MUNICIPALIDAD DISTRITAL DE SAN ISIDRO,258426392,288304251,238157948,211585639,211514870,208452689,208452382,72.3,2023,72.3,SAN ISIDRO,79851562
MUNICIPALIDAD DISTRITAL DE LA MOLINA,169250730,285096730,225905807,145116214,102850496,93317341,85345931,32.7,2026,32.7,LA MOLINA,191779389
MUNICIPALIDAD DISTRITAL DE SAN MARTIN DE PORRES,219999735,264495736,230794478,154869685,152621385,99940926,96833030,37.8,2026,37.8,SAN MARTIN DE PORRES,164554810
MUNICIPALIDAD DISTRITAL DE SAN MARTIN DE PORRES,177279996,250844695,216256481,207855597,206802754,203254809,203227002,81.0,2024,81.0,SAN MARTIN DE PORRES,47589886
MUNICIPALIDAD DISTRITAL DE ATE - VITARTE,221654682,245437917,230209443,211420446,207429864,206558651,206543654,84.2,2023,84.2,ATE,38879266
MUNICIPALIDAD DISTRITAL DE SAN MARTIN DE PORRES,175274773,242647349,239229546,227726633,226811781,221186132,221186132,91.2,2025,91.2,SAN MARTIN DE PORRES,21461217
MUNICIPALIDAD DISTRITAL DE LA VICTORIA,231695526,240348602,175587861,158563644,132235330,94079092,92363653,39.1,2026,39.1,LA VICTORIA,146269510
MUNICIPALIDAD DISTRITAL DE COMAS,185508858,215693010,156911001,133645733,107319413,92404469,82604025,42.8,2026,42.8,COMAS,123288541
MUNICIPALIDAD DISTRITAL DE LA VICTORIA,165866480,213531884,206863521,202161604,201877755,200989544,200989544,94.1,2025,94.1,LA VICTORIA,12542340
MUNICIPALIDAD DISTRITAL DE VILLA MARIA DEL TRIUNFO,141310684,212564737,201917023,199346068,199209206,197114668,197107179,92.7,2025,92.7,VILLA MARIA DEL TRIUNFO,15450069
MUNICIPALIDAD DISTRITAL DE VILLA EL SALVADOR,160435375,211337311,157295191,137930749,104332411,74251273,73496467,35.1,2026,35.1,VILLA EL SALVADOR,137086038
MUNICIPALIDAD DISTRITAL DE VILLA EL SALVADOR,144996235,203605168,186218037,178763775,177975746,173317628,173317628,85.1,2024,85.1,VILLA EL SALVADOR,30287540
MUNICIPALIDAD DISTRITAL DE VILLA MARIA DEL TRIUNFO,143070838,202388317,162065182,147724121,146315041,143791766,143791766,71.0,2024,71.0,VILLA MARIA DEL TRIUNFO,58596551
MUNICIPALIDAD DISTRITAL DE VILLA MARIA DEL TRIUNFO,104346806,202286449,119911521,119697596,119695396,109129014,108960393,53.9,2023,53.9,VILLA MARIA DEL TRIUNFO,93157435
MUNICIPALIDAD DISTRITAL DE COMAS,162688333,196191759,192221617,190023529,189554299,187612120,187611577,95.6,2025,95.6,COMAS,8579639
MUNICIPALIDAD DISTRITAL DE CHORRILLOS,177646471,194742269,187634463,184616290,183122420,165290595,165290595,84.9,2024,84.9,CHORRILLOS,29451674
MUNICIPALIDAD DISTRITAL DE SAN MARTIN DE PORRES,141557372,188544540,178076775,174263979,165338032,165285713,165253645,87.7,2023,87.7,SAN MARTIN DE PORRES,23258827
MUNICIPALIDAD DISTRITAL DE VILLA EL SALVADOR,145058631,186748485,169576643,167565001,167397113,166331297,166331297,89.1,2025,89.1,VILLA EL SALVADOR,20417188
MUNICIPALIDAD DISTRITAL DE VILLA EL SALVADOR,109294991,184933214,144518484,131746095,128606850,123953718,123909261,67.0,2023,67.0,VILLA EL SALVADOR,60979496
MUNICIPALIDAD DISTRITAL DE COMAS,152788586,181212507,169728332,164040398,158242718,158190612,158180158,87.3,2024,87.3,COMAS,23021895
MUNICIPALIDAD DISTRITAL DE CHORRILLOS,172236989,180425841,126364715,107204162,86979240,72566702,69303308,40.2,2026,40.2,CHORRILLOS,107859139
MUNICIPALIDAD DISTRITAL DE PUENTE PIEDRA,132162759,179455898,177343955,161101045,155837756,155818698,155775655,86.8,2024,86.8,PUENTE PIEDRA,23637200
MUNICIPALIDAD DISTRITAL DE SAN BORJA,170133062,177740438,153381528,139681184,95341934,72298283,70679111,40.7,2026,40.7,SAN BORJA,105442155
MUNICIPALIDAD DISTRITAL DE PUENTE PIEDRA,126647348,177616126,176650749,175456069,175352183,175352183,175352183,98.7,2025,98.7,PUENTE PIEDRA,2263943
MUNICIPALIDAD DISTRITAL DE LA MOLINA,153682218,176425529,174183742,173595782,172719511,172314978,172295246,97.7,2025,97.7,LA MOLINA,4110551
MUNICIPALIDAD DISTRITAL DE CHORRILLOS,130976103,174360158,172101493,168138291,163587611,160381959,160370689,92.0,2023,92.0,CHORRILLOS,13978199
MUNICIPALIDAD DISTRITAL DE SAN JUAN DE MIRAFLORES,152471966,171392900,142518885,125732955,102753695,77407163,75185375,45.2,2026,45.2,SAN JUAN DE MIRAFLORES,93985737
MUNICIPALIDAD DISTRITAL DE PUENTE PIEDRA,98565292,170921034,161002979,137996510,137982304,137965752,137963311,80.7,2023,80.7,PUENTE PIEDRA,32955282
MUNICIPALIDAD DISTRITAL DE SAN BORJA,153155216,170172384,160988152,154830210,153516777,151663181,151663181,89.1,2024,89.1,SAN BORJA,18509203
MUNICIPALIDAD DISTRITAL DE CARABAYLLO,148417544,169866141,116892532,99157564,96121642,75252704,72912070,44.3,2026,44.3,CARABAYLLO,94613437
MUNICIPALIDAD DISTRITAL DE SAN BORJA,153023471,169531391,163405204,162623242,162611966,162247711,162254711,95.7,2025,95.7,SAN BORJA,7283680
MUNICIPALIDAD DISTRITAL DE CHORRILLOS,147677059,167564521,165578439,159330605,157754314,142612200,142612200,85.1,2025,85.1,CHORRILLOS,24952321
MUNICIPALIDAD DISTRITAL DE VILLA MARIA DEL TRIUNFO,137834900,164714143,97432978,91857498,79714362,71170050,67286707,43.2,2026,43.2,VILLA MARIA DEL TRIUNFO,93544093
MUNICIPALIDAD DISTRITAL DE LA VICTORIA,139248339,163002208,160498833,159081606,158964488,158317778,158317648,97.1,2024,97.1,LA VICTORIA,4684430
MUNICIPALIDAD DISTRITAL DE SAN JUAN DE MIRAFLORES,127083414,158545189,155591053,155144648,154046389,151706137,151617303,95.7,2025,95.7,SAN JUAN DE MIRAFLORES,6839052
MUNICIPALIDAD DISTRITAL DE CARABAYLLO,140789371,157080351,148093537,147781914,144646555,133698491,133698491,85.1,2025,85.1,CARABAYLLO,23381860
MUNICIPALIDAD DISTRITAL DE SAN BORJA,126685687,156812957,141286101,137433917,135712840,129887380,129887380,82.8,2023,82.8,SAN BORJA,26925577
MUNICIPALIDAD DISTRITAL DE PUENTE PIEDRA,131550658,156364535,146465019,120363273,78859166,71115686,69987479,45.5,2026,45.5,PUENTE PIEDRA,85248849
MUNICIPALIDAD DISTRITAL DE LOS OLIVOS,104075793,156049668,153204990,152567779,152562056,149194204,149194171,95.6,2025,95.6,LOS OLIVOS,6855464
MUNICIPALIDAD DISTRITAL DE SAN JUAN DE MIRAFLORES,123385408,154089823,149916073,140403719,138677629,132006322,132005472,85.7,2024,85.7,SAN JUAN DE MIRAFLORES,22083501
MUNICIPALIDAD DISTRITAL DE LURIGANCHO (CHOSICA),138599660,153223428,131129389,93241365,90541729,70828934,66337705,46.2,2026,46.2,LURIGANCHO,82394494
MUNICIPALIDAD DISTRITAL DE COMAS,119441070,151859699,145778595,141249458,135216678,134910237,134352415,88.8,2023,88.8,COMAS,16949462
MUNICIPALIDAD DISTRITAL DE LOS OLIVOS,143489616,151147742,105856169,79418021,79413210,61827643,60700599,40.9,2026,40.9,LOS OLIVOS,89320099
MUNICIPALIDAD DISTRITAL DE LA MOLINA,146832357,150101752,145629081,143250490,140982756,140604527,140603957,93.7,2024,93.7,LA MOLINA,9497225
MUNICIPALIDAD DISTRITAL DE LA MOLINA,135336737,147102412,139775276,134485899,132627263,131137494,131061738,89.1,2023,89.1,LA MOLINA,15964918
MUNICIPALIDAD DISTRITAL DE CARABAYLLO,124844252,143844152,139734894,136166138,130072517,123390682,123390682,85.8,2024,85.8,CARABAYLLO,20453470
MUNICIPALIDAD DISTRITAL DE LURIGANCHO (CHOSICA),124649339,142961478,142960916,142960914,142960914,142942304,142942304,100.0,2025,100.0,LURIGANCHO,19174
MUNICIPALIDAD DISTRITAL DE LA VICTORIA,124679681,142063126,137209452,134826929,131473283,131279207,131278457,92.4,2023,92.4,LA VICTORIA,10783919
MUNICIPALIDAD DISTRITAL DE LOS OLIVOS,108133816,141042169,139053919,133955906,133925368,131088790,131088630,92.9,2024,92.9,LOS OLIVOS,9953379
MUNICIPALIDAD DISTRITAL DE SAN MIGUEL,122002521,136156691,123621048,109807022,71612897,58936700,56283518,43.3,2026,43.3,SAN MIGUEL,77219991
MUNICIPALIDAD DISTRITAL DE LURIGANCHO (CHOSICA),113303166,132869420,132743285,132641454,132626495,131089346,131080639,98.7,2024,98.7,LURIGANCHO,1780074
MUNICIPALIDAD DISTRITAL DE CARABAYLLO,92642286,131807286,115060324,113325638,111144179,107923863,107913042,81.9,2023,81.9,CARABAYLLO,23883423
MUNICIPALIDAD DISTRITAL DE SAN MIGUEL,113230443,128643590,127265623,126634519,126601408,126151047,126145168,98.1,2025,98.1,SAN MIGUEL,2492543
MUNICIPALIDAD DISTRITAL DE SAN JUAN DE MIRAFLORES,100074895,127067577,121315697,113785125,109115874,105261469,105257299,82.8,2023,82.8,SAN JUAN DE MIRAFLORES,21806108
MUNICIPALIDAD DISTRITAL DE SAN MIGUEL,111167565,126237030,122319994,121282395,119066971,118511570,118491732,93.9,2024,93.9,SAN MIGUEL,7725460
MUNICIPALIDAD DISTRITAL DE LURIGANCHO (CHOSICA),86540112,123655988,122593023,121656722,119761388,114804786,114409858,92.8,2023,92.8,LURIGANCHO,8851202
MUNICIPALIDAD DISTRITAL DE INDEPENDENCIA,88406875,123642736,119473260,114527308,113648562,113478759,113340497,91.8,2025,91.8,INDEPENDENCIA,10163977
MUNICIPALIDAD DISTRITAL DE LURIN,107865183,122670864,121593656,120870131,120798959,110455511,110455511,90.0,2025,90.0,LURIN,12215353
MUNICIPALIDAD DISTRITAL DE LOS OLIVOS,89095764,118108075,115759613,112994547,112777024,106796541,106783039,90.4,2023,90.4,LOS OLIVOS,11311534
MUNICIPALIDAD DISTRITAL DE SAN MIGUEL,88343878,116200760,111032894,108329831,106627880,106568827,106555580,91.7,2023,91.7,SAN MIGUEL,9631933
MUNICIPALIDAD DISTRITAL DE LURIN,108470723,114707218,97434136,79089586,77391132,54648014,51316612,47.6,2026,47.6,LURIN,60059204
MUNICIPALIDAD DISTRITAL DE PACHACAMAC,89950957,112106967,83923131,44570782,44295242,32526122,31541704,29.0,2026,29.0,PACHACAMAC,79580845
MUNICIPALIDAD DISTRITAL DE SANTA ANITA,98477981,112101221,81645336,55398411,48942861,43990983,42737337,39.2,2026,39.2,SANTA ANITA,68110238
MUNICIPALIDAD DISTRITAL DE JESUS MARIA,90812933,111851229,108758166,107085020,107022891,106999203,106999203,95.7,2025,95.7,JESUS MARIA,4852026
MUNICIPALIDAD DISTRITAL DE JESUS MARIA,98145641,107328532,103815687,103213267,101229827,101227422,101227206,94.3,2024,94.3,JESUS MARIA,6101110
MUNICIPALIDAD DISTRITAL DE JESUS MARIA,100304156,107261179,93668803,70943735,70899116,46571458,44523131,43.4,2026,43.4,JESUS MARIA,60689721
MUNICIPALIDAD DISTRITAL DE EL AGUSTINO,84458426,106752497,104927256,98933497,98576655,91807386,91806186,86.0,2025,86.0,EL AGUSTINO,14945111
MUNICIPALIDAD DISTRITAL DE LURIN,84617781,106566077,103844457,99125381,98636540,98063634,98022585,92.0,2023,92.0,LURIN,8502443
MUNICIPALIDAD DISTRITAL DE LURIN,100507163,106357854,104916069,103614808,103572556,97613628,97613628,91.8,2024,91.8,LURIN,8744226
MUNICIPALIDAD DISTRITAL DE SANTA ANITA,82094843,105860524,103219967,100747506,99901010,98993189,98991890,93.5,2025,93.5,SANTA ANITA,6867335
MUNICIPALIDAD DISTRITAL DE EL AGUSTINO,83249393,105791985,81116324,67970024,59535019,44023328,43289136,41.6,2026,41.6,EL AGUSTINO,61768657
MUNICIPALIDAD DISTRITAL DE MAGDALENA DEL MAR,83675891,103583981,91392425,77493276,63626971,46979962,38565267,45.4,2026,45.4,MAGDALENA DEL MAR,56604019
MUNICIPALIDAD DISTRITAL DE JESUS MARIA,81901802,101547782,98648217,96841652,95930194,95165036,95149226,93.7,2023,93.7,JESUS MARIA,6382746
MUNICIPALIDAD DISTRITAL DE INDEPENDENCIA,92779540,100435629,83765132,70289270,67356121,52478944,46804190,52.3,2026,52.3,INDEPENDENCIA,47956685
MUNICIPALIDAD DISTRITAL DE SANTA ANITA,79111636,99053343,86394342,85961525,85556109,85556109,85554861,86.4,2024,86.4,SANTA ANITA,13497234
MUNICIPALIDAD DISTRITAL DE INDEPENDENCIA,82213515,97755744,93371573,91511618,90308787,86850411,86838065,88.8,2024,88.8,INDEPENDENCIA,10905333
MUNICIPALIDAD DISTRITAL DE EL AGUSTINO,71508980,96924763,94267269,84094832,83791861,71915731,71911759,74.2,2024,74.2,EL AGUSTINO,25009032
MUNICIPALIDAD DISTRITAL DE MAGDALENA DEL MAR,79837269,96049122,89868366,86987675,86584745,86582825,86582825,90.1,2025,90.1,MAGDALENA DEL MAR,9466297
MUNICIPALIDAD DISTRITAL DE PACHACAMAC,64611450,87825077,84369926,77021010,76604113,67062763,67062763,76.4,2025,76.4,PACHACAMAC,20762314
MUNICIPALIDAD DISTRITAL DE SURQUILLO,71712287,85895688,75498699,60249298,35479929,27786706,26752539,32.3,2026,32.3,SURQUILLO,58108982
MUNICIPALIDAD DISTRITAL DE PACHACAMAC,73812344,85031420,80786966,67543988,65790024,61278904,61278904,72.1,2024,72.1,PACHACAMAC,23752516
MUNICIPALIDAD DISTRITAL DE MAGDALENA DEL MAR,47809092,81362216,77094841,76037013,74864174,73770227,73750665,90.7,2023,90.7,MAGDALENA DEL MAR,7591989
MUNICIPALIDAD DISTRITAL DE MAGDALENA DEL MAR,59266742,81297985,78603051,76025853,75991903,75515131,75510071,92.9,2024,92.9,MAGDALENA DEL MAR,5782854
MUNICIPALIDAD DISTRITAL DE INDEPENDENCIA,69266292,80123922,75290947,73864264,71295028,70027974,69693111,87.4,2023,87.4,INDEPENDENCIA,10095948
MUNICIPALIDAD DISTRITAL DE RIMAC,64139650,79545743,78917710,78185695,77707183,73176863,73176863,92.0,2025,92.0,RIMAC,6368880
MUNICIPALIDAD DISTRITAL DE RIMAC,58789359,77622964,76546140,68735070,62099985,62056935,62055635,79.9,2024,79.9,RIMAC,15566029
MUNICIPALIDAD DISTRITAL DE PUEBLO LIBRE,70539813,75860783,65090731,45609432,45490998,35820624,35198829,47.2,2026,47.2,PUEBLO LIBRE,40040159
MUNICIPALIDAD DISTRITAL DE SANTA ANITA,63134987,75815850,70978754,67157587,67157587,67157587,66747387,88.6,2023,88.6,SANTA ANITA,8658263
MUNICIPALIDAD DISTRITAL DE PACHACAMAC,62580944,73803842,52102367,50267519,50223444,48415846,48415846,65.6,2023,65.6,PACHACAMAC,25387996
MUNICIPALIDAD DISTRITAL DE RIMAC,63657108,73433509,55866542,45945843,42909439,35314516,33490556,48.1,2026,48.1,RIMAC,38118993
MUNICIPALIDAD DISTRITAL DE PUEBLO LIBRE,65488735,73186561,70393581,70175849,69864740,69473426,69473426,94.9,2025,94.9,PUEBLO LIBRE,3713135
MUNICIPALIDAD DISTRITAL DE SURQUILLO,63536070,72783123,69592809,68253778,67685039,67074321,67074321,92.2,2025,92.2,SURQUILLO,5708802
MUNICIPALIDAD DISTRITAL DE RIMAC,44408130,70890173,67454969,64678623,61557686,55391952,55382163,78.1,2023,78.1,RIMAC,15498221
MUNICIPALIDAD DISTRITAL DE SURQUILLO,62935862,69856752,65519591,64875626,64707432,64602095,64598304,92.5,2024,92.5,SURQUILLO,5254657
MUNICIPALIDAD DISTRITAL DE EL AGUSTINO,56297128,69088849,64124604,61815425,61701960,56857162,56847575,82.3,2023,82.3,EL AGUSTINO,12231687
MUNICIPALIDAD DISTRITAL DE PUEBLO LIBRE,56384066,66475494,62324744,62095164,62027862,62001022,62001022,93.3,2024,93.3,PUEBLO LIBRE,4474472
MUNICIPALIDAD DISTRITAL DE LINCE,58939790,65469931,62135518,59634247,59018045,58996904,58996096,90.1,2024,90.1,LINCE,6473027
MUNICIPALIDAD DISTRITAL DE PUEBLO LIBRE,48043917,65133178,61208674,60014867,60014867,60009018,60009018,92.1,2023,92.1,PUEBLO LIBRE,5124160
MUNICIPALIDAD DISTRITAL DE CIENEGUILLA,56868256,64691315,63140331,61931787,61735050,60030318,59974515,92.8,2025,92.8,CIENEGUILLA,4660997
MUNICIPALIDAD DISTRITAL DE BARRANCO,42952900,64349395,62949735,62835749,62817855,62582194,62542967,97.3,2025,97.3,BARRANCO,1767201
MUNICIPALIDAD DISTRITAL DE LINCE,56050869,62448832,62061516,60816529,60784742,59351306,59349306,95.0,2025,95.0,LINCE,3097526
MUNICIPALIDAD DISTRITAL DE LINCE,51970708,61665743,54687306,52270549,52167762,52149533,52149533,84.6,2023,84.6,LINCE,9516210
MUNICIPALIDAD DISTRITAL DE BARRANCO,41743971,61390077,52202033,50726679,50719966,50280063,50280063,81.9,2024,81.9,BARRANCO,11110014
MUNICIPALIDAD DISTRITAL DE SURQUILLO,57144315,61005309,59561461,54396076,54192422,53262579,53260243,87.3,2023,87.3,SURQUILLO,7742730
MUNICIPALIDAD DISTRITAL DE LINCE,58752385,60599199,49185293,47222855,31528888,25514795,24807187,42.1,2026,42.1,LINCE,35084404
MUNICIPALIDAD DISTRITAL DE BARRANCO,34412620,57284167,50435552,43745393,43334450,41651720,41651720,72.7,2023,72.7,BARRANCO,15632447
MUNICIPALIDAD DISTRITAL DE BARRANCO,51876969,56209378,48378084,44804731,32551686,26257710,25120618,46.7,2026,46.7,BARRANCO,29951668
MUNICIPALIDAD DISTRITAL DE BREÑA,47618026,51724007,41729836,26902211,26896211,20085632,19032369,38.8,2026,38.8,BREÑA,31638375
MUNICIPALIDAD DISTRITAL DE CIENEGUILLA,45156633,51174389,32596316,27656992,24423248,16220806,15070010,31.7,2026,31.7,CIENEGUILLA,34953583
MUNICIPALIDAD DISTRITAL DE BREÑA,46884211,50894581,47529012,47276710,46989354,46878213,46878213,92.1,2025,92.1,BREÑA,4016368
MUNICIPALIDAD DISTRITAL DE BREÑA,41361102,46029816,40756256,38521308,37853057,37494360,37309232,81.5,2024,81.5,BREÑA,8535456
MUNICIPALIDAD DISTRITAL DE PUNTA HERMOSA,25914412,45992103,41377014,37788134,37612618,37609487,37609049,81.8,2024,81.8,PUNTA HERMOSA,8382616
MUNICIPALIDAD DISTRITAL DE SAN LUIS,36255827,45286979,45111232,44655148,44554442,42622189,42622189,94.1,2025,94.1,SAN LUIS,2664790
MUNICIPALIDAD DISTRITAL DE ANCON,36699293,45281607,40343961,27751275,21846790,18253800,17456166,40.3,2026,40.3,ANCON,27027807
MUNICIPALIDAD DISTRITAL DE PUNTA HERMOSA,20727919,44156130,26663398,26183247,24470641,24432665,24431264,55.3,2023,55.3,PUNTA HERMOSA,19723465
MUNICIPALIDAD DISTRITAL DE ANCON,28549941,43182442,42085547,39866262,39206506,37994510,37993710,88.0,2025,88.0,ANCON,5187932
MUNICIPALIDAD DISTRITAL DE BREÑA,36582201,42937876,39106866,35240132,34611157,34497762,34476197,80.3,2023,80.3,BREÑA,8440114
MUNICIPALIDAD DISTRITAL DE CIENEGUILLA,33174959,39147161,35629352,32197716,32196566,29860983,29860983,76.3,2024,76.3,CIENEGUILLA,9286178
MUNICIPALIDAD DISTRITAL DE SAN LUIS,36685228,38234946,34852906,32392158,24872373,19484945,18862163,51.0,2026,51.0,SAN LUIS,18750001
MUNICIPALIDAD DISTRITAL DE PUNTA HERMOSA,27468587,36961682,29399141,28584177,28534506,28516693,28516693,77.2,2025,77.2,PUNTA HERMOSA,8444989
MUNICIPALIDAD DISTRITAL DE SAN LUIS,31516896,36748736,35638212,35012012,34796038,30085304,30032330,81.9,2023,81.9,SAN LUIS,6663432
MUNICIPALIDAD DISTRITAL DE SAN LUIS,32539647,34390032,33891824,32992555,30623219,30100676,30099815,87.5,2024,87.5,SAN LUIS,4289356
MUNICIPALIDAD DISTRITAL DE PUNTA HERMOSA,29537648,34096984,26418724,24618432,19497769,14628892,14522181,42.9,2026,42.9,PUNTA HERMOSA,19468092
MUNICIPALIDAD DISTRITAL DE CIENEGUILLA,28396528,34077917,27562944,26954684,26954684,26954412,26952779,79.1,2023,79.1,CIENEGUILLA,7123505
MUNICIPALIDAD DISTRITAL DE ANCON,27361595,32822644,31430350,30258420,30186768,29206895,29206895,89.0,2024,89.0,ANCON,3615749
MUNICIPALIDAD DISTRITAL DE CHACLACAYO,23483518,31512569,20321645,13804517,13439297,11686383,10816521,37.1,2026,37.1,CHACLACAYO,19826186
MUNICIPALIDAD DISTRITAL DE SANTA ROSA,24602769,31238907,29764016,28326482,26946955,26685024,26685024,85.4,2025,85.4,SANTA ROSA,4553883
MUNICIPALIDAD DISTRITAL DE ANCON,22785934,29497169,28735715,28107526,28099102,27159626,27141310,92.1,2023,92.1,ANCON,2337543
MUNICIPALIDAD DISTRITAL DE CHACLACAYO,23987776,27922216,26707020,25433888,24541662,24371153,24371153,87.3,2025,87.3,CHACLACAYO,3551063
MUNICIPALIDAD DISTRITAL DE CHACLACAYO,21655676,27899875,26228279,23918411,22725772,22725772,22725772,81.5,2024,81.5,CHACLACAYO,5174103
MUNICIPALIDAD DISTRITAL DE CHACLACAYO,19707646,26566493,25332719,23189873,20669151,20669151,20668540,77.8,2023,77.8,CHACLACAYO,5897342
MUNICIPALIDAD DISTRITAL DE SANTA ROSA,18103354,26320719,24660690,23678665,22065216,21068279,21063279,80.0,2024,80.0,SANTA ROSA,5252440
MUNICIPALIDAD DISTRITAL DE PUCUSANA,21504719,24903790,20586532,20418635,20271099,20011469,20011454,80.4,2024,80.4,PUCUSANA,4892321
MUNICIPALIDAD DISTRITAL DE PUCUSANA,22011668,24324387,12225627,10036282,10035963,7955134,7826002,32.7,2026,32.7,PUCUSANA,16369253
MUNICIPALIDAD DISTRITAL DE PUCUSANA,16595749,23134500,20235157,20173876,20019927,19425981,19425981,84.0,2023,84.0,PUCUSANA,3708519
MUNICIPALIDAD DISTRITAL DE SANTA ROSA,15528019,22641248,17811391,13365628,13106760,9869226,9683125,43.6,2026,43.6,SANTA ROSA,12772022
MUNICIPALIDAD DISTRITAL DE PUCUSANA,18441742,20311577,19297046,19223997,19163789,18715034,18715034,92.1,2025,92.1,PUCUSANA,1596543
MUNICIPALIDAD DISTRITAL DE PUNTA NEGRA,17032311,18177830,17565447,16767234,16664092,15273434,15273434,84.0,2024,84.0,PUNTA NEGRA,2904396
MUNICIPALIDAD DISTRITAL DE PUNTA NEGRA,10421634,17429891,16226651,14263267,14209819,12863023,12855568,73.8,2023,73.8,PUNTA NEGRA,4566868
MUNICIPALIDAD DISTRITAL DE SANTA ROSA,9303150,17302757,17144726,17038885,16787122,14039764,14025425,81.1,2023,81.1,SANTA ROSA,3262993
MUNICIPALIDAD DISTRITAL DE SAN BARTOLO,13700924,15537177,13862430,13079006,13030828,12548097,12548097,80.8,2024,80.8,SAN BARTOLO,2989080
MUNICIPALIDAD DISTRITAL DE PUNTA NEGRA,13971089,15362410,13580808,7854407,7711944,6290548,6106264,40.9,2026,40.9,PUNTA NEGRA,9071862
MUNICIPALIDAD DISTRITAL DE PUNTA NEGRA,12745577,14422814,14106069,13870910,13862812,13733505,13733505,95.2,2025,95.2,PUNTA NEGRA,689309
MUNICIPALIDAD DISTRITAL DE SAN BARTOLO,12444800,13720760,12533364,12359049,12353473,12078452,12078452,88.0,2025,88.0,SAN BARTOLO,1642308
MUNICIPALIDAD DISTRITAL DE SANTA MARIA DEL MAR,11728692,13386593,10805423,8747103,5931783,5047012,4831135,37.7,2026,37.7,SANTA MARIA DEL MAR,8339581
MUNICIPALIDAD DISTRITAL DE SAN BARTOLO,11901177,12805048,5549064,5463427,5455374,4240236,4177012,33.1,2026,33.1,SAN BARTOLO,8564812
MUNICIPALIDAD DISTRITAL DE SAN BARTOLO,11301286,12720093,10196891,10115125,10040604,9913257,9898391,77.9,2023,77.9,SAN BARTOLO,2806836
MUNICIPALIDAD DISTRITAL DE SANTA MARIA DEL MAR,9871241,11635424,11416408,11390401,10983408,10854971,10854971,93.3,2025,93.3,SANTA MARIA DEL MAR,780453
MUNICIPALIDAD DISTRITAL DE SANTA MARIA DEL MAR,9723741,10660468,10219756,10165842,9964336,9914692,9914692,93.0,2024,93.0,SANTA MARIA DEL MAR,745776
MUNICIPALIDAD DISTRITAL DE SANTA MARIA DEL MAR,8409807,10066184,8825857,8707616,8225722,8224153,8223353,81.7,2023,81.7,SANTA MARIA DEL MAR,1842031
